id,first_name,last_name,email,gender,ip_address,numbers
1,Selie,Thaim,sthaim0@delicious.com,Female,60.46.158.64,14
2,Rubina,Coode,rcoode1@alibaba.com,Female,197.32.181.157,20
3,Penrod,Baldery,pbaldery2@discuz.net,Male,96.144.95.230,74
4,Christiano,Wedderburn,cwedderburn3@newyorker.com,Male,203.235.24.25,98
5,Ronda,Barca,rbarca4@gov.uk,Female,215.49.173.197,53
6,Dietrich,Keel,dkeel5@cnet.com,Male,187.183.209.56,76
7,Shalna,Glyde,sglyde6@seesaa.net,Genderfluid,91.236.77.249,93
8,Gabie,Kerley,gkerley7@bravesites.com,Female,184.105.237.206,80
9,Neilla,Queree,nqueree8@ning.com,Female,103.44.90.76,81
10,Arman,Gumm,agumm9@163.com,Male,185.47.123.96,71
11,Lance,Thorndycraft,lthorndycrafta@sfgate.com,Male,86.197.152.39,53
12,Vaughan,Ropert,vropertb@scribd.com,Bigender,95.216.114.182,80
13,Bearnard,Goodere,bgooderec@nbcnews.com,Male,157.42.39.14,2
14,Heath,Pardue,hpardued@yellowbook.com,Male,58.134.183.133,58
15,Blair,O'Crowley,bocrowleye@techcrunch.com,Bigender,62.17.237.233,97
16,Philomena,Maha,pmahaf@printfriendly.com,Female,178.144.28.132,90
17,Gusti,Iacopini,giacopinig@nsw.gov.au,Female,38.182.180.90,74
18,Godart,Danilowicz,gdanilowiczh@flickr.com,Male,142.104.4.109,23
19,Zorana,Aleso,zalesoi@apple.com,Female,166.121.147.231,6
20,Gunilla,Maddern,gmaddernj@intel.com,Female,238.100.208.239,58
21,Englebert,Snyder,esnyderk@purevolume.com,Male,220.115.114.34,61
22,Chrotoem,Dimitresco,cdimitrescol@ibm.com,Male,154.173.188.168,36
23,Rosie,Tour,rtourm@facebook.com,Female,20.195.205.253,51
24,Sam,Matteo,smatteon@mediafire.com,Female,174.225.153.62,12
25,Brig,Hainsworth,bhainswortho@tumblr.com,Male,47.190.178.37,17
26,Kippar,Acreman,kacremanp@lulu.com,Male,216.105.23.247,20
27,Alden,Kilbourn,akilbournq@disqus.com,Bigender,86.184.125.182,71
28,Hercule,Kerfoot,hkerfootr@360.cn,Male,25.233.231.167,74
29,Fae,Toffanini,ftoffaninis@java.com,Female,18.199.149.206,21
30,Basilius,Harcarse,bharcarset@weebly.com,Male,105.225.19.195,36
31,Terri-jo,Schowenburg,tschowenburgu@usatoday.com,Female,128.118.214.200,91
32,Wallie,Rubert,wrubertv@merriam-webster.com,Female,141.217.219.218,3
33,Jayne,Di Bartolomeo,jdibartolomeow@com.com,Female,153.153.66.218,6
34,Mechelle,Kinsella,mkinsellax@theglobeandmail.com,Female,60.182.161.10,70
35,Clarine,Aubray,caubrayy@ed.gov,Female,116.3.172.146,53
36,Carolann,Garlic,cgarlicz@indiegogo.com,Female,8.223.3.171,64
37,Johanna,Mabbett,jmabbett10@cornell.edu,Female,26.216.142.245,48
38,Dag,Sipson,dsipson11@gravatar.com,Male,180.250.201.181,9
39,Maryjo,Didsbury,mdidsbury12@independent.co.uk,Female,72.2.58.128,100
40,Gage,Merrill,gmerrill13@wsj.com,Male,194.88.127.99,21
41,Daryn,Shildrick,dshildrick14@omniture.com,Female,11.23.107.21,16
42,Fania,Gatchell,fgatchell15@tinypic.com,Female,36.209.0.250,74
43,Nataniel,Harfoot,nharfoot16@nyu.edu,Male,111.147.194.226,9
44,Lyle,Groom,lgroom17@bigcartel.com,Non-binary,71.70.34.238,49
45,Katusha,Reinhardt,kreinhardt18@ca.gov,Genderqueer,55.119.114.47,47
46,Ivy,Lodeke,ilodeke19@aol.com,Female,100.151.120.83,2
47,Lew,Cullabine,lcullabine1a@free.fr,Male,231.158.58.26,45
48,Nicolas,Ure,nure1b@google.co.jp,Male,161.15.20.213,88
49,Malory,Sandyford,msandyford1c@cnet.com,Bigender,175.157.169.47,14
50,Red,Imlin,rimlin1d@w3.org,Male,16.105.194.232,14
51,Adolphus,Johansson,ajohansson1e@taobao.com,Male,5.3.45.6,95
52,Jethro,Wixon,jwixon1f@kickstarter.com,Genderfluid,134.162.5.34,84
53,Gayle,Trouncer,gtrouncer1g@newyorker.com,Non-binary,96.59.232.72,34
54,Dorine,Yeowell,dyeowell1h@boston.com,Female,237.174.56.138,93
55,Clem,McQuin,cmcquin1i@smugmug.com,Genderqueer,247.226.3.78,38
56,Casandra,Bealing,cbealing1j@nbcnews.com,Female,13.176.145.173,43
57,Erinna,Ferrario,eferrario1k@answers.com,Female,101.41.35.253,26
58,Michael,Laverenz,mlaverenz1l@prweb.com,Male,207.94.122.116,92
59,Fionna,Habberjam,fhabberjam1m@w3.org,Female,59.223.39.42,77
60,Rivy,Gouldsmith,rgouldsmith1n@patch.com,Female,15.16.214.179,77
61,Martelle,Cumesky,mcumesky1o@instagram.com,Female,239.113.37.31,13
62,Hanna,Gors,hgors1p@cyberchimps.com,Female,191.94.105.143,87
63,Aleta,Pakes,apakes1q@dyndns.org,Agender,195.200.26.63,99
64,Jesus,Gillon,jgillon1r@irs.gov,Male,134.169.206.234,89
65,Cedric,Conyers,cconyers1s@amazon.co.uk,Male,80.24.98.237,20
66,Fara,Pound,fpound1t@mapquest.com,Bigender,17.220.184.223,49
67,Elana,Rigglesford,erigglesford1u@mashable.com,Female,208.233.114.245,78
68,Clevey,Driscoll,cdriscoll1v@vinaora.com,Male,146.126.119.205,41
69,Terrie,Erridge,terridge1w@about.me,Polygender,180.105.155.98,31
70,Lynna,Flatley,lflatley1x@macromedia.com,Female,164.54.239.238,66
71,Jacquelynn,Lea,jlea1y@marketwatch.com,Female,241.170.68.154,18
72,Amabel,McDermott,amcdermott1z@tamu.edu,Female,250.199.173.66,67
73,Georgeanna,Coatman,gcoatman20@accuweather.com,Female,177.157.42.118,57
74,Freeland,Crowd,fcrowd21@netvibes.com,Male,163.58.89.151,54
75,Ettie,Esposi,eesposi22@gizmodo.com,Female,117.255.140.191,81
76,Brietta,Martine,bmartine23@fotki.com,Female,243.119.53.155,89
77,Jozef,Deval,jdeval24@themeforest.net,Male,78.246.37.166,23
78,Cynthy,Parsall,cparsall25@baidu.com,Female,138.250.239.243,69
79,Mattias,Bayston,mbayston26@google.it,Male,18.80.55.5,15
80,Any,McManus,amcmanus27@washington.edu,Male,75.140.131.25,29
81,Petrina,Nisuis,pnisuis28@so-net.ne.jp,Female,213.199.59.17,19
82,Lida,Banck,lbanck29@jalbum.net,Genderqueer,231.140.151.208,29
83,Eldridge,Courtin,ecourtin2a@devhub.com,Male,133.53.105.243,50
84,Wenda,Ivkovic,wivkovic2b@scientificamerican.com,Female,45.172.39.41,92
85,Cammy,Bentsen,cbentsen2c@rakuten.co.jp,Agender,82.53.127.246,73
86,Xenia,Kennett,xkennett2d@usda.gov,Female,25.14.61.148,65
87,Royall,Hanigan,rhanigan2e@unblog.fr,Male,75.179.18.65,41
88,Friedrich,Eisikovitsh,feisikovitsh2f@newsvine.com,Male,190.165.82.208,63
89,Marlena,Hyde,mhyde2g@biglobe.ne.jp,Female,211.58.6.13,32
90,Marina,Adey,madey2h@imgur.com,Female,162.140.31.179,96
91,Wood,Wigfield,wwigfield2i@dagondesign.com,Male,77.9.237.153,35
92,Ravi,Stockey,rstockey2j@furl.net,Male,207.181.153.30,7
93,Burch,Stockbridge,bstockbridge2k@ustream.tv,Male,96.54.32.187,39
94,Hilde,Newby,hnewby2l@dmoz.org,Genderfluid,81.29.73.226,25
95,Raviv,Ingerfield,ringerfield2m@webeden.co.uk,Male,83.183.57.32,44
96,Bobbie,Tullis,btullis2n@tinypic.com,Male,45.57.131.57,77
97,Rickey,Raffeorty,rraffeorty2o@de.vu,Genderqueer,225.138.94.206,18
98,Reg,Fildes,rfildes2p@com.com,Male,27.172.209.200,80
99,Donnamarie,Lushey,dlushey2q@blogtalkradio.com,Female,142.63.222.111,25
100,Hillard,Garrigan,hgarrigan2r@netlog.com,Male,206.67.0.142,52
101,Aylmar,Quincey,aquincey2s@statcounter.com,Non-binary,194.85.25.240,28
102,Nady,Shoveller,nshoveller2t@globo.com,Female,40.101.213.82,35
103,Charlene,Robardey,crobardey2u@nydailynews.com,Female,214.167.105.85,44
104,Babette,Keyzman,bkeyzman2v@amazon.co.uk,Female,130.102.208.206,32
105,Kleon,Mossbee,kmossbee2w@economist.com,Male,230.210.87.242,43
106,Moria,Gorioli,mgorioli2x@tmall.com,Genderqueer,2.47.119.228,30
107,Pip,Josey,pjosey2y@craigslist.org,Male,113.231.43.64,98
108,Kassie,Van Velde,kvanvelde2z@pagesperso-orange.fr,Female,28.111.207.153,57
109,Caitrin,Langhor,clanghor30@twitpic.com,Female,21.241.229.19,24
110,Poppy,Dacre,pdacre31@is.gd,Female,55.24.234.15,90
111,Valdemar,Rosita,vrosita32@dmoz.org,Polygender,198.224.160.223,100
112,Cyrill,Patroni,cpatroni33@ehow.com,Male,71.102.175.130,96
113,Caesar,Navarro,cnavarro34@artisteer.com,Male,101.32.95.235,9
114,Fanni,Hansard,fhansard35@loc.gov,Female,154.210.100.192,60
115,Ginny,Sayre,gsayre36@sina.com.cn,Female,77.171.225.122,83
116,Andrej,Rippin,arippin37@who.int,Male,193.163.30.233,46
117,Marlene,Musgrave,mmusgrave38@tiny.cc,Genderqueer,254.236.58.67,93
118,Brandise,Barabich,bbarabich39@theatlantic.com,Female,177.79.9.179,38
119,Muffin,Broseman,mbroseman3a@columbia.edu,Female,251.44.204.111,5
120,Jacynth,Vreede,jvreede3b@google.ru,Female,133.199.211.69,77
121,Vanya,Fudge,vfudge3c@mediafire.com,Female,226.127.179.19,82
122,Ferris,McLarnon,fmclarnon3d@networkadvertising.org,Male,112.86.184.218,8
123,Kermit,Bricksey,kbricksey3e@w3.org,Male,30.192.161.67,94
124,Zitella,Lincey,zlincey3f@ebay.com,Female,171.5.46.39,66
125,Lionello,Willcocks,lwillcocks3g@wired.com,Male,207.113.130.143,78
126,Katuscha,Basden,kbasden3h@europa.eu,Female,118.44.54.49,20
127,Christine,Macveigh,cmacveigh3i@google.cn,Female,221.9.224.156,95
128,Gal,Gilleson,ggilleson3j@i2i.jp,Male,252.106.186.185,52
129,Conrade,Ninnotti,cninnotti3k@unc.edu,Male,227.202.240.254,28
130,Agathe,Jopling,ajopling3l@angelfire.com,Female,91.50.62.162,87
131,Sybila,Imeson,simeson3m@g.co,Female,132.11.16.66,19
132,Clim,Sutcliff,csutcliff3n@cafepress.com,Male,63.142.43.197,41
133,Kristy,Bryett,kbryett3o@un.org,Bigender,46.148.58.192,14
134,Brett,Molyneaux,bmolyneaux3p@amazon.co.uk,Male,152.23.202.21,96
135,Angelica,Cawthorne,acawthorne3q@usgs.gov,Female,227.157.58.198,96
136,Bing,Durn,bdurn3r@rediff.com,Male,194.12.237.241,25
137,Nert,Sobtka,nsobtka3s@adobe.com,Female,161.2.48.204,87
138,Wally,Huison,whuison3t@webeden.co.uk,Male,187.139.28.152,85
139,Axe,Pollastrino,apollastrino3u@jiathis.com,Male,236.161.175.96,43
140,Mikael,Bilston,mbilston3v@sciencedaily.com,Male,136.94.248.160,38
141,Malachi,Capeloff,mcapeloff3w@apache.org,Male,133.178.207.57,100
142,Patrick,Kasper,pkasper3x@timesonline.co.uk,Male,153.155.73.221,33
143,Shanon,La Vigne,slavigne3y@va.gov,Female,103.250.230.42,96
144,Caleb,Kubelka,ckubelka3z@wikimedia.org,Male,86.244.33.152,78
145,Bonny,Colleford,bcolleford40@ifeng.com,Female,82.11.205.77,69
146,Bar,Holtum,bholtum41@shareasale.com,Male,65.255.89.2,32
147,Catlaina,Doctor,cdoctor42@kickstarter.com,Female,241.37.239.175,91
148,Talbert,Egell,tegell43@google.fr,Male,7.232.209.53,90
149,Staci,Balm,sbalm44@freewebs.com,Female,59.54.41.121,39
150,Winnie,Pennings,wpennings45@istockphoto.com,Female,212.210.174.17,100
151,Rodie,Fant,rfant46@webs.com,Female,205.179.197.68,44
152,Quentin,Everingham,qeveringham47@unblog.fr,Male,215.114.26.9,14
153,Olly,Atkyns,oatkyns48@rakuten.co.jp,Male,66.62.248.102,81
154,Katherine,Killeley,kkilleley49@sourceforge.net,Female,185.90.123.115,48
155,Ashla,Mugglestone,amugglestone4a@mapy.cz,Female,130.98.14.63,96
156,Gregg,Deerness,gdeerness4b@amazon.co.jp,Male,102.80.44.223,74
157,Fayre,Iffland,fiffland4c@quantcast.com,Female,134.32.59.249,36
158,Adair,Horley,ahorley4d@prnewswire.com,Male,174.69.103.185,46
159,Jan,Palle,jpalle4e@reuters.com,Female,19.162.134.233,79
160,Jonas,Shearmer,jshearmer4f@barnesandnoble.com,Male,152.2.196.187,3
161,Hannah,Kitson,hkitson4g@blogspot.com,Non-binary,246.154.211.120,54
162,Carleton,Grieve,cgrieve4h@altervista.org,Male,54.192.228.100,18
163,Brandon,Borkin,bborkin4i@wordpress.com,Non-binary,6.149.243.181,48
164,Mildrid,Schlagh,mschlagh4j@over-blog.com,Female,59.13.11.107,50
165,De witt,Timmes,dtimmes4k@weather.com,Male,182.136.3.40,94
166,Leslie,Heintze,lheintze4l@istockphoto.com,Female,136.183.220.214,97
167,Margalit,Humble,mhumble4m@over-blog.com,Female,42.250.97.57,3
168,Dennison,Ketteman,dketteman4n@sohu.com,Male,6.89.127.143,27
169,Norton,Longina,nlongina4o@hubpages.com,Male,33.209.169.39,10
170,Kennedy,Caulier,kcaulier4p@google.es,Male,159.94.137.19,30
171,Carolan,Rawlence,crawlence4q@bizjournals.com,Female,9.154.12.93,75
172,Blinnie,Wybourne,bwybourne4r@youtu.be,Genderqueer,245.10.237.95,8
173,Jecho,Dable,jdable4s@harvard.edu,Male,157.57.156.0,86
174,Mallory,Rizzardo,mrizzardo4t@miitbeian.gov.cn,Female,159.26.35.73,72
175,Fiann,Longmaid,flongmaid4u@imgur.com,Female,102.78.23.98,87
176,Shirline,Teek,steek4v@rakuten.co.jp,Female,244.8.97.223,67
177,Abey,Cristofol,acristofol4w@opera.com,Male,110.53.47.70,91
178,Laverne,Greenrod,lgreenrod4x@spiegel.de,Female,5.124.221.152,20
179,Jervis,Keppy,jkeppy4y@weebly.com,Male,3.166.118.243,5
180,Rozamond,Swynley,rswynley4z@networkadvertising.org,Female,193.102.230.153,65
181,Arni,Tevelov,atevelov50@ucsd.edu,Male,78.206.169.240,84
182,Dania,Cridlin,dcridlin51@nifty.com,Female,139.64.215.114,23
183,Park,Cardello,pcardello52@weather.com,Male,185.132.123.26,13
184,Hyacinthe,Bembrigg,hbembrigg53@tmall.com,Female,253.52.212.16,52
185,Mindy,Puckham,mpuckham54@slideshare.net,Female,88.215.80.191,50
186,Saudra,Karolovsky,skarolovsky55@google.com.au,Female,53.184.39.66,92
187,Nerty,McLaggan,nmclaggan56@cam.ac.uk,Female,20.197.223.122,29
188,Jasmin,Sidgwick,jsidgwick57@ezinearticles.com,Female,226.12.94.122,93
189,Irvine,Hurling,ihurling58@hc360.com,Male,245.83.190.155,28
190,Josee,Pepperill,jpepperill59@slashdot.org,Female,140.136.48.248,61
191,Gelya,Partington,gpartington5a@cbsnews.com,Female,247.58.117.82,93
192,Cindra,Jonke,cjonke5b@reuters.com,Female,207.190.1.29,51
193,Melessa,Duckers,mduckers5c@photobucket.com,Female,132.32.28.163,57
194,Charlton,Ebbett,cebbett5d@cnbc.com,Male,233.34.58.210,61
195,Staffard,Bentote,sbentote5e@google.co.jp,Male,214.70.246.10,95
196,Benton,O'Dyvoie,bodyvoie5f@exblog.jp,Male,19.139.23.8,75
197,Brock,Schroder,bschroder5g@va.gov,Male,236.61.62.236,80
198,Mervin,Joicey,mjoicey5h@foxnews.com,Male,19.10.62.91,94
199,Celestyn,Jeanenet,cjeanenet5i@usatoday.com,Female,26.78.103.153,9
200,Olav,Kwietek,okwietek5j@slashdot.org,Male,210.96.133.100,35
201,Felicdad,Wills,fwills5k@mail.ru,Female,148.233.12.193,47
202,Gilda,Hardeman,ghardeman5l@boston.com,Female,228.163.16.225,33
203,Marrissa,Rentoll,mrentoll5m@ehow.com,Female,19.188.33.135,7
204,Walther,Muzzlewhite,wmuzzlewhite5n@artisteer.com,Male,130.65.150.111,27
205,Chase,Wooster,cwooster5o@sina.com.cn,Male,55.245.249.231,58
206,Terrijo,Pilkinton,tpilkinton5p@hatena.ne.jp,Female,190.46.46.91,20
207,Clarabelle,Abeau,cabeau5q@odnoklassniki.ru,Female,149.148.88.87,28
208,Nanci,Grundey,ngrundey5r@google.ca,Female,192.172.44.161,2
209,Che,Gregolin,cgregolin5s@google.cn,Male,88.59.229.184,88
210,Aurthur,Nicely,anicely5t@gmpg.org,Male,75.178.118.49,58
211,Gamaliel,Beak,gbeak5u@ycombinator.com,Male,183.35.100.45,92
212,Ediva,Dye,edye5v@tinyurl.com,Female,14.195.18.47,64
213,Wendy,Minet,wminet5w@theatlantic.com,Female,142.176.63.81,8
214,Leshia,Leivesley,lleivesley5x@facebook.com,Female,57.5.177.158,55
215,Micheil,Loch,mloch5y@elpais.com,Male,26.98.209.20,57
216,Hermine,Bilborough,hbilborough5z@usda.gov,Female,161.107.144.169,39
217,Innis,Hayesman,ihayesman60@unblog.fr,Male,193.234.138.30,34
218,Ancell,Carrivick,acarrivick61@imgur.com,Male,131.211.55.34,98
219,Parsifal,Duffet,pduffet62@mtv.com,Male,108.240.77.198,44
220,Alleyn,Loy,aloy63@qq.com,Male,72.5.232.172,37
221,Mandie,Searby,msearby64@lulu.com,Female,197.231.168.0,48
222,Millard,Dennis,mdennis65@npr.org,Male,14.180.204.35,20
223,Fairlie,Veschambes,fveschambes66@answers.com,Male,96.165.133.22,44
224,Carey,Constanza,cconstanza67@plala.or.jp,Male,9.120.226.32,78
225,Cloe,Wickson,cwickson68@ebay.co.uk,Female,244.52.12.206,11
226,Kordula,Whapple,kwhapple69@taobao.com,Female,233.188.202.203,61
227,Farra,Kelwick,fkelwick6a@fda.gov,Female,246.244.31.40,42
228,Samara,Duckitt,sduckitt6b@time.com,Female,153.180.104.217,26
229,Thekla,O'Connor,toconnor6c@uiuc.edu,Female,81.224.183.70,15
230,Noble,Southerden,nsoutherden6d@devhub.com,Male,15.172.33.101,1
231,Letitia,Fenwick,lfenwick6e@last.fm,Female,242.229.62.66,48
232,Jacklin,Faraday,jfaraday6f@a8.net,Female,25.119.63.179,48
233,Laure,Eagers,leagers6g@soup.io,Female,20.59.98.9,5
234,Lynnelle,Hairesnape,lhairesnape6h@addtoany.com,Female,130.230.96.100,72
235,Ferrel,Trowell,ftrowell6i@discovery.com,Male,201.184.143.182,34
236,Violette,Sherel,vsherel6j@jiathis.com,Female,48.42.93.115,51
237,Elbertine,Limeburner,elimeburner6k@va.gov,Female,255.155.217.188,89
238,Else,Leinweber,eleinweber6l@globo.com,Female,183.57.90.56,44
239,Malina,Riddiford,mriddiford6m@yolasite.com,Genderqueer,243.160.245.11,99
240,Lynnea,Bowditch,lbowditch6n@loc.gov,Female,141.72.195.161,95
241,Robbert,Lendrem,rlendrem6o@squidoo.com,Male,203.159.88.3,68
242,Fields,Ravens,fravens6p@flickr.com,Male,68.67.10.217,11
243,Christoph,Thynne,cthynne6q@imdb.com,Male,235.104.249.0,31
244,Gale,Winscomb,gwinscomb6r@amazonaws.com,Female,118.95.233.246,29
245,Barrie,Richfield,brichfield6s@myspace.com,Male,65.174.240.99,100
246,Alfons,Sothern,asothern6t@globo.com,Male,137.203.103.11,3
247,Danette,Matokhnin,dmatokhnin6u@networkadvertising.org,Polygender,158.205.153.50,13
248,Ingmar,Sweed,isweed6v@cnet.com,Non-binary,172.125.194.99,61
249,Germain,Dudeney,gdudeney6w@reuters.com,Female,105.152.60.101,20
250,Barb,de Verson,bdeverson6x@networksolutions.com,Genderqueer,135.237.199.70,35
251,Jaime,Stobbe,jstobbe6y@forbes.com,Male,43.61.182.193,21
252,Carolus,Stelle,cstelle6z@marriott.com,Male,37.202.125.132,82
253,Lou,Lightbody,llightbody70@amazon.co.jp,Female,193.161.178.95,19
254,Ragnar,Segges,rsegges71@myspace.com,Male,109.14.58.174,12
255,Ortensia,Hickford,ohickford72@yellowpages.com,Bigender,23.253.170.92,92
256,Avram,Allewell,aallewell73@weebly.com,Male,129.134.27.12,56
257,Adelaida,Cawthery,acawthery74@engadget.com,Female,51.74.137.54,69
258,Ibbie,Kuhlen,ikuhlen75@hc360.com,Female,125.91.110.106,15
259,Forbes,Petrollo,fpetrollo76@wordpress.org,Genderqueer,207.67.17.203,8
260,Damiano,MacDougall,dmacdougall77@fc2.com,Male,234.143.9.113,93
261,Cherida,Girodon,cgirodon78@marketwatch.com,Female,68.107.245.43,63
262,Obidiah,Minton,ominton79@sun.com,Male,88.42.217.75,67
263,Sander,Meikle,smeikle7a@toplist.cz,Male,227.25.214.124,16
264,Emmi,Thomsson,ethomsson7b@domainmarket.com,Female,1.192.212.219,10
265,Wood,Cavie,wcavie7c@google.com.br,Male,71.54.249.220,98
266,Melisa,Winterburn,mwinterburn7d@odnoklassniki.ru,Female,50.143.76.224,91
267,Casar,Jeays,cjeays7e@ucsd.edu,Male,120.184.122.222,86
268,Cole,Houlston,choulston7f@mediafire.com,Male,10.58.53.118,7
269,Wash,Sayes,wsayes7g@so-net.ne.jp,Male,138.76.135.183,53
270,Terrence,Tysall,ttysall7h@diigo.com,Non-binary,99.122.15.245,49
271,Jorey,Ashbrook,jashbrook7i@networksolutions.com,Female,82.223.232.41,96
272,Erek,Gasquoine,egasquoine7j@bing.com,Male,60.68.177.39,52
273,Jarib,Hischke,jhischke7k@simplemachines.org,Male,114.27.14.212,34
274,Erika,Smeeth,esmeeth7l@cpanel.net,Female,19.53.130.180,53
275,Barth,MacCole,bmaccole7m@wsj.com,Male,183.15.7.119,79
276,Whitney,Ohms,wohms7n@aboutads.info,Male,10.95.61.95,40
277,Faye,Dickens,fdickens7o@ask.com,Genderqueer,147.179.75.222,31
278,Claire,Aucourte,caucourte7p@mail.ru,Female,51.91.254.215,70
279,Muhammad,Parffrey,mparffrey7q@amazon.com,Male,56.185.215.174,21
280,Jammie,Langhorne,jlanghorne7r@over-blog.com,Female,19.106.216.191,2
281,Patricio,Rosoni,prosoni7s@live.com,Genderfluid,29.102.228.68,95
282,Dalila,Rutherford,drutherford7t@about.com,Female,145.218.94.27,47
283,Heather,McEachern,hmceachern7u@stanford.edu,Female,245.176.66.55,60
284,Jefferson,Ordish,jordish7v@imgur.com,Male,29.128.200.45,45
285,Sarina,Megroff,smegroff7w@nymag.com,Female,235.228.245.147,66
286,Rogerio,Edmunds,redmunds7x@ning.com,Male,79.108.31.148,79
287,Job,Eudall,jeudall7y@usgs.gov,Male,121.7.20.233,25
288,Garner,Atwel,gatwel7z@nbcnews.com,Male,244.66.26.130,77
289,Teodora,Carrabott,tcarrabott80@w3.org,Female,245.24.24.94,33
290,Karol,Giddens,kgiddens81@imdb.com,Female,219.233.208.238,35
291,Opaline,Toderini,otoderini82@clickbank.net,Female,88.239.154.211,66
292,Thurstan,Radolf,tradolf83@google.pl,Male,226.240.155.96,59
293,Alfie,Coyett,acoyett84@rambler.ru,Male,189.94.77.185,24
294,Laina,Keddle,lkeddle85@state.tx.us,Female,159.222.204.106,13
295,Berni,Beazey,bbeazey86@ehow.com,Female,225.232.252.145,55
296,Tristan,Feldbrin,tfeldbrin87@answers.com,Male,119.224.47.131,65
297,Geri,Summerbell,gsummerbell88@freewebs.com,Male,23.138.46.105,15
298,Nata,Spowart,nspowart89@xing.com,Bigender,168.100.28.63,49
299,Glad,Shaddock,gshaddock8a@thetimes.co.uk,Female,205.229.217.124,21
300,Philippe,Statersfield,pstatersfield8b@yale.edu,Female,227.58.60.100,6
301,Kellsie,Czaja,kczaja8c@oaic.gov.au,Genderfluid,152.9.90.51,69
302,Steven,Cockman,scockman8d@mashable.com,Male,170.108.95.60,22
303,Ravid,Aphale,raphale8e@latimes.com,Genderqueer,69.163.193.23,13
304,Kelly,Lingner,klingner8f@washington.edu,Male,233.199.9.153,71
305,Margaret,Oiller,moiller8g@is.gd,Female,148.154.184.80,83
306,Roseann,Treversh,rtreversh8h@plala.or.jp,Female,214.111.149.216,15
307,Penrod,Pendrich,ppendrich8i@blogspot.com,Male,79.164.144.234,47
308,Jenifer,Cluett,jcluett8j@seesaa.net,Female,182.59.179.23,2
309,Christoper,Zimek,czimek8k@google.pl,Male,175.5.198.113,47
310,Krystle,Mathiasen,kmathiasen8l@hatena.ne.jp,Female,90.127.184.142,34
311,Thornton,Payler,tpayler8m@chron.com,Male,200.168.114.111,89
312,Isidoro,Aveyard,iaveyard8n@ow.ly,Agender,168.47.133.121,91
313,Garrik,Culp,gculp8o@trellian.com,Male,0.67.82.73,82
314,Sly,Bluett,sbluett8p@xrea.com,Genderfluid,92.91.109.84,89
315,Jud,Arpin,jarpin8q@purevolume.com,Male,126.101.71.112,5
316,Bil,Devany,bdevany8r@smugmug.com,Male,248.51.254.219,31
317,Carolyne,Deeth,cdeeth8s@tmall.com,Non-binary,232.175.212.103,37
318,Collen,Mottershaw,cmottershaw8t@storify.com,Non-binary,45.1.172.236,37
319,Ruby,Gonthard,rgonthard8u@google.nl,Male,124.66.119.33,54
320,Carlye,Kimble,ckimble8v@pbs.org,Female,9.127.242.124,84
321,Ignacius,Haycraft,ihaycraft8w@admin.ch,Genderqueer,112.97.235.4,42
322,Augustine,McCrackan,amccrackan8x@narod.ru,Male,229.227.27.27,29
323,Cherie,List,clist8y@lycos.com,Female,37.42.156.77,52
324,Alexis,McIlharga,amcilharga8z@netvibes.com,Female,171.242.85.96,53
325,Dene,MacTeague,dmacteague90@bloglines.com,Male,139.176.55.174,60
326,Garey,Gepheart,ggepheart91@foxnews.com,Male,197.239.168.79,15
327,Owen,Gilbard,ogilbard92@scribd.com,Polygender,149.136.117.18,23
328,Shae,McEneny,smceneny93@cisco.com,Female,192.34.169.18,18
329,Skylar,Gwynn,sgwynn94@loc.gov,Male,107.215.134.197,56
330,Lorrayne,Broadbury,lbroadbury95@google.com.br,Female,157.155.13.239,43
331,Clare,Albon,calbon96@over-blog.com,Female,153.114.88.199,41
332,Esma,Wiltshear,ewiltshear97@ocn.ne.jp,Female,159.80.207.7,60
333,Kyla,Derham,kderham98@skype.com,Female,237.22.168.180,83
334,Farlie,Merrikin,fmerrikin99@timesonline.co.uk,Male,63.204.183.75,26
335,Daloris,Burdell,dburdell9a@narod.ru,Female,232.251.66.70,50
336,Melesa,Pardal,mpardal9b@goodreads.com,Female,111.212.17.23,88
337,Evelyn,Tuttle,etuttle9c@businessinsider.com,Female,165.246.47.38,85
338,Boonie,Margery,bmargery9d@patch.com,Male,163.53.132.239,71
339,Mortie,Quinion,mquinion9e@va.gov,Male,121.243.135.188,92
340,Melisandra,Bittleson,mbittleson9f@rediff.com,Genderfluid,105.187.114.90,1
341,Sharity,Fernandes,sfernandes9g@seesaa.net,Female,39.43.187.132,85
342,Jaimie,Furlong,jfurlong9h@youtu.be,Female,89.219.36.32,37
343,Phoebe,Gerred,pgerred9i@etsy.com,Female,222.171.230.67,8
344,Devon,Curmi,dcurmi9j@hao123.com,Female,120.230.54.146,12
345,Rafaello,Bachelor,rbachelor9k@mail.ru,Male,221.121.142.50,34
346,Vitia,Arbuckle,varbuckle9l@google.cn,Female,201.139.250.7,65
347,Krista,Severwright,kseverwright9m@dagondesign.com,Female,147.106.185.132,59
348,Leonard,Strangwood,lstrangwood9n@va.gov,Male,233.146.77.137,65
349,Nancey,Hanburry,nhanburry9o@google.pl,Female,210.203.224.80,41
350,Isa,Sotheby,isotheby9p@smh.com.au,Male,128.10.158.89,28
351,Kelsi,Pruckner,kpruckner9q@arizona.edu,Female,46.77.221.210,98
352,Calla,Heigl,cheigl9r@marketwatch.com,Female,159.209.157.255,21
353,Brew,Tottem,btottem9s@sun.com,Male,8.97.201.189,40
354,Ely,Sleicht,esleicht9t@deviantart.com,Male,167.128.42.30,97
355,Paul,Welbrock,pwelbrock9u@jugem.jp,Male,247.74.130.82,73
356,Olwen,Giametti,ogiametti9v@harvard.edu,Female,36.84.230.80,58
357,Bronnie,Duck,bduck9w@acquirethisname.com,Male,245.196.132.211,47
358,Bat,Leigh,bleigh9x@google.co.uk,Male,64.94.156.36,33
359,Aubrette,Guarin,aguarin9y@chicagotribune.com,Female,25.6.93.72,3
360,Ole,Lys,olys9z@reddit.com,Male,6.31.180.215,29
361,Fonzie,Newart,fnewarta0@instagram.com,Male,181.36.180.129,81
362,Tilda,Molder,tmoldera1@webnode.com,Female,170.23.151.34,11
363,Sophia,Dyke,sdykea2@google.ru,Female,105.128.168.134,20
364,Nilson,Gallafant,ngallafanta3@opensource.org,Male,168.22.141.151,13
365,Tedman,Maybey,tmaybeya4@google.ca,Male,243.27.12.80,54
366,Fay,Janicijevic,fjanicijevica5@is.gd,Female,181.160.157.192,17
367,Aurel,Snufflebottom,asnufflebottoma6@miibeian.gov.cn,Female,52.197.4.98,13
368,Moyra,Jurkowski,mjurkowskia7@icio.us,Female,45.156.157.38,62
369,Andres,Febry,afebrya8@cdc.gov,Male,211.39.161.127,7
370,Tynan,Michal,tmichala9@hud.gov,Male,199.180.7.34,65
371,Bettye,Greally,bgreallyaa@skyrock.com,Female,93.192.162.222,39
372,Maryl,Hedgecock,mhedgecockab@mozilla.com,Female,134.166.14.230,61
373,Byrann,Kunisch,bkunischac@oracle.com,Male,0.2.235.18,27
374,Kipp,Sarton,ksartonad@prlog.org,Male,97.234.119.114,4
375,Madelyn,Varey,mvareyae@pinterest.com,Female,110.170.206.92,12
376,Shalna,Bullman,sbullmanaf@ask.com,Female,20.250.96.148,27
377,Consalve,Cottle,ccottleag@ca.gov,Male,48.181.30.166,54
378,Kessia,Cisar,kcisarah@miibeian.gov.cn,Female,225.153.127.71,54
379,Alyssa,Rushmere,arushmereai@redcross.org,Female,168.154.149.182,11
380,Lionello,Karolczyk,lkarolczykaj@newsvine.com,Male,115.132.240.111,67
381,Rockie,Rosie,rrosieak@lycos.com,Genderqueer,95.212.8.247,15
382,Chas,Semiraz,csemirazal@behance.net,Male,60.85.56.163,86
383,Obed,Bony,obonyam@about.com,Male,126.232.50.188,95
384,Gwyneth,Scipsey,gscipseyan@ning.com,Female,184.175.62.212,67
385,Jessalin,Drinkhill,jdrinkhillao@amazonaws.com,Female,254.10.0.232,31
386,Dario,Janicijevic,djanicijevicap@google.es,Male,8.157.108.169,14
387,Jenelle,Mc Gorley,jmcgorleyaq@ft.com,Female,181.44.96.213,98
388,Megen,Dimelow,mdimelowar@amazon.de,Female,152.35.35.215,92
389,Gerrilee,Lambal,glambalas@omniture.com,Female,80.36.127.58,35
390,Cosimo,Stilliard,cstilliardat@ted.com,Male,45.12.101.47,54
391,Papageno,Morales,pmoralesau@sohu.com,Male,155.79.57.209,80
392,Rodolphe,Thunder,rthunderav@nyu.edu,Genderfluid,152.242.96.49,41
393,Kiley,Almond,kalmondaw@skyrock.com,Female,15.1.255.164,43
394,Kimberly,Willshee,kwillsheeax@nyu.edu,Female,94.241.87.103,83
395,Ardis,Dyball,adyballay@patch.com,Female,74.42.76.20,53
396,Gerik,Rowntree,growntreeaz@tinyurl.com,Male,178.125.222.174,61
397,Prent,Theunissen,ptheunissenb0@deliciousdays.com,Male,39.148.236.123,19
398,Renell,Jenton,rjentonb1@ed.gov,Female,155.242.224.24,22
399,Noelyn,Glencrosche,nglencroscheb2@instagram.com,Female,43.130.139.131,64
400,Isadore,Rawlings,irawlingsb3@google.com.br,Male,173.226.110.95,66
401,Oriana,Dampney,odampneyb4@canalblog.com,Female,44.153.58.14,19
402,Hobard,Roisen,hroisenb5@dion.ne.jp,Male,50.202.64.199,64
403,Marion,Bounds,mboundsb6@printfriendly.com,Female,28.252.204.222,99
404,Ardeen,Reims,areimsb7@de.vu,Female,8.95.20.48,70
405,Ulises,Bollini,ubollinib8@netvibes.com,Male,50.100.237.82,64
406,Jocelin,Goadby,jgoadbyb9@storify.com,Female,35.85.49.84,38
407,Helaine,Seaborne,hseaborneba@typepad.com,Female,255.160.204.193,74
408,Pearla,Croasdale,pcroasdalebb@google.de,Female,146.106.234.83,58
409,Corbin,Puckham,cpuckhambc@chron.com,Male,47.255.152.34,73
410,Town,Verryan,tverryanbd@photobucket.com,Male,252.46.145.178,51
411,Gaspard,Redmain,gredmainbe@example.com,Male,166.190.161.89,100
412,Mel,Smoote,msmootebf@blogs.com,Male,212.217.125.120,64
413,Alejandra,Ezele,aezelebg@buzzfeed.com,Female,208.51.141.150,38
414,Hedvig,Cancellor,hcancellorbh@squarespace.com,Agender,227.139.193.34,81
415,Robbin,Bailess,rbailessbi@washingtonpost.com,Female,206.51.13.156,66
416,Helsa,Mattedi,hmattedibj@usa.gov,Female,209.109.34.176,55
417,Trent,Kelberman,tkelbermanbk@reference.com,Male,141.90.131.188,60
418,Heidi,Clever,hcleverbl@wix.com,Female,37.63.69.232,87
419,Guthrie,Stritton,gstrittonbm@imageshack.us,Male,105.130.63.70,82
420,Aryn,Muglestone,amuglestonebn@kickstarter.com,Female,1.34.5.228,9
421,Emmit,Divina,edivinabo@t.co,Bigender,10.215.7.105,16
422,Welch,Brandreth,wbrandrethbp@tiny.cc,Male,158.57.113.175,87
423,Gillian,Honnicott,ghonnicottbq@scribd.com,Female,84.247.250.99,19
424,Wolfy,Coxhead,wcoxheadbr@nhs.uk,Male,208.125.212.100,15
425,Aili,Eyers,aeyersbs@constantcontact.com,Female,171.43.146.62,2
426,Kurt,Van Dalen,kvandalenbt@yahoo.com,Male,254.33.208.106,33
427,Tiff,Bisterfeld,tbisterfeldbu@examiner.com,Female,254.255.120.8,33
428,Emeline,Petrushka,epetrushkabv@cafepress.com,Female,179.89.227.190,91
429,Hadrian,Arnke,harnkebw@t-online.de,Male,155.13.201.236,98
430,Cariotta,Latta,clattabx@geocities.jp,Female,159.129.125.232,53
431,Hiram,Juanico,hjuanicoby@jiathis.com,Male,103.14.137.214,81
432,Padget,Alejandro,palejandrobz@privacy.gov.au,Male,70.221.20.210,80
433,Allan,Hailes,ahailesc0@xing.com,Male,130.49.25.180,7
434,Tally,Brasier,tbrasierc1@networkadvertising.org,Female,126.72.246.43,49
435,Tonya,Tunnock,ttunnockc2@weebly.com,Female,103.10.101.166,63
436,Margo,Bettridge,mbettridgec3@washington.edu,Female,45.15.123.179,35
437,Donnie,Espadater,despadaterc4@ow.ly,Male,121.23.120.216,99
438,Muriel,Duchatel,mduchatelc5@ibm.com,Female,197.112.224.241,45
439,Brooks,Bonafacino,bbonafacinoc6@wunderground.com,Male,16.158.123.75,39
440,Julie,Saffle,jsafflec7@rediff.com,Female,37.148.153.106,58
441,Field,Corstan,fcorstanc8@state.gov,Male,139.37.80.134,79
442,Artair,Ickowicz,aickowiczc9@apple.com,Male,100.119.208.149,14
443,Dulcie,Langthorne,dlangthorneca@archive.org,Non-binary,206.48.77.52,83
444,Felix,Finnes,ffinnescb@twitter.com,Male,17.14.227.27,89
445,Roth,Furnell,rfurnellcc@microsoft.com,Male,166.55.179.35,2
446,Harold,Burth,hburthcd@gravatar.com,Male,217.110.208.28,75
447,Merrel,MacRierie,mmacrieriece@spiegel.de,Male,218.94.245.193,58
448,Dasi,Nannoni,dnannonicf@spotify.com,Female,68.41.204.60,14
449,Hedwiga,Weiss,hweisscg@ucoz.ru,Female,17.76.204.166,23
450,Alexis,Milberry,amilberrych@mozilla.org,Male,70.43.189.164,2
451,Sada,Harwell,sharwellci@shutterfly.com,Female,60.202.254.200,6
452,Tanny,O'Looney,tolooneycj@godaddy.com,Genderqueer,16.242.175.220,98
453,Marchall,Mariette,mmarietteck@jigsy.com,Male,12.192.18.220,41
454,Sibeal,Hutchison,shutchisoncl@csmonitor.com,Non-binary,157.0.57.97,60
455,Jacob,McClosh,jmccloshcm@zimbio.com,Male,161.170.126.46,79
456,Helli,Borrowman,hborrowmancn@mozilla.org,Female,185.168.158.223,13
457,Rutledge,Mapletoft,rmapletoftco@jiathis.com,Polygender,157.105.46.138,73
458,Glendon,Menis,gmeniscp@yandex.ru,Male,107.175.171.209,59
459,Thorstein,Aim,taimcq@51.la,Male,149.199.181.126,59
460,Reed,Castaneda,rcastanedacr@myspace.com,Male,87.103.31.27,54
461,Brendon,Kerrane,bkerranecs@spiegel.de,Male,43.80.194.60,21
462,Erinna,Pyffe,epyffect@a8.net,Female,70.105.199.171,35
463,Brien,Firmage,bfirmagecu@yellowpages.com,Male,143.233.224.228,31
464,Gearard,Fosdyke,gfosdykecv@hc360.com,Male,43.193.132.135,76
465,Demetria,Alison,dalisoncw@tripod.com,Female,14.218.199.215,34
466,Jocko,Farnell,jfarnellcx@privacy.gov.au,Male,175.24.218.206,29
467,Fredericka,Brimacombe,fbrimacombecy@pen.io,Female,205.82.135.214,64
468,Joella,Newbery,jnewberycz@huffingtonpost.com,Female,141.178.16.4,7
469,Field,Gabbitas,fgabbitasd0@example.com,Male,56.196.7.144,71
470,Simonette,Olliar,solliard1@cisco.com,Female,191.192.149.211,54
471,Claudell,Norcliffe,cnorcliffed2@abc.net.au,Male,169.98.178.104,22
472,Gregorius,Maas,gmaasd3@timesonline.co.uk,Male,96.170.193.0,63
473,Albert,Hellyar,ahellyard4@addtoany.com,Polygender,48.154.17.99,7
474,Aindrea,Kett,akettd5@state.gov,Female,55.254.204.145,58
475,Darn,Sondon,dsondond6@weather.com,Male,214.220.97.81,4
476,Micheil,McDonnell,mmcdonnelld7@java.com,Male,188.219.59.67,73
477,Durand,Norvell,dnorvelld8@china.com.cn,Male,92.168.228.230,10
478,Eadie,O'Bradain,eobradaind9@imdb.com,Female,173.65.112.61,6
479,Hilarius,Playfair,hplayfairda@archive.org,Male,226.62.50.55,52
480,Janith,Fittis,jfittisdb@elpais.com,Female,151.10.186.140,85
481,Sherlock,Sall,ssalldc@constantcontact.com,Male,113.159.143.232,56
482,Elonore,Chaters,echatersdd@alibaba.com,Female,173.159.146.43,31
483,Lotte,Mollison,lmollisonde@soundcloud.com,Female,121.94.162.32,87
484,Theodosia,Dorkins,tdorkinsdf@bloglovin.com,Female,19.246.148.103,75
485,Tandi,Severn,tseverndg@sina.com.cn,Female,90.6.137.251,84
486,Sheffy,Layland,slaylanddh@mit.edu,Male,127.56.19.75,99
487,Nathanil,Priddie,npriddiedi@about.me,Male,87.33.81.158,44
488,Roscoe,Sibbert,rsibbertdj@alibaba.com,Male,144.153.102.129,1
489,Edsel,Bucknill,ebucknilldk@adobe.com,Male,55.160.108.48,72
490,Balduin,Hush,bhushdl@4shared.com,Male,177.178.116.200,11
491,Clemmie,Monroe,cmonroedm@deliciousdays.com,Female,2.31.254.89,94
492,Rudy,Livezley,rlivezleydn@devhub.com,Male,74.22.211.131,3
493,Abbie,Emanuele,aemanueledo@bbb.org,Male,234.165.249.227,16
494,Rhona,Standen,rstandendp@t.co,Female,164.34.149.177,71
495,Rachele,Bonsul,rbonsuldq@vk.com,Female,242.209.111.48,16
496,Bron,Tomasian,btomasiandr@i2i.jp,Male,14.235.205.155,79
497,Katharina,Speed,kspeedds@cpanel.net,Female,243.135.34.221,62
498,Chaddie,Lunck,clunckdt@netscape.com,Genderfluid,51.111.202.61,95
499,Netty,Schuchmacher,nschuchmacherdu@si.edu,Agender,132.170.34.224,41
500,Brana,Jenoure,bjenouredv@oakley.com,Bigender,87.124.245.150,53
501,Ricky,Postians,rpostiansdw@artisteer.com,Genderqueer,128.251.47.115,55
502,Phebe,Devenny,pdevennydx@weibo.com,Female,93.118.53.124,14
503,Thibaud,Feavers,tfeaversdy@squarespace.com,Male,25.83.159.244,23
504,Fred,Walker,fwalkerdz@washingtonpost.com,Male,164.149.42.155,73
505,Law,Poizer,lpoizere0@nhs.uk,Male,123.169.236.231,15
506,Karalynn,Dewitt,kdewitte1@oracle.com,Female,173.230.180.206,19
507,Randie,Alban,ralbane2@tiny.cc,Male,117.168.113.233,80
508,Marcel,Gribbin,mgribbine3@delicious.com,Male,190.253.215.175,88
509,Philomena,Mose,pmosee4@merriam-webster.com,Female,155.130.77.246,36
510,Launce,Offer,loffere5@ox.ac.uk,Male,47.157.45.85,77
511,Kinna,Purple,kpurplee6@businessinsider.com,Female,163.154.252.88,83
512,Erie,Tonnesen,etonnesene7@wikispaces.com,Male,148.175.169.121,57
513,Colby,Mouget,cmougete8@typepad.com,Bigender,21.82.72.17,51
514,Patricio,Asser,passere9@newyorker.com,Male,244.62.117.171,34
515,Yvonne,McCurley,ymccurleyea@blinklist.com,Female,91.40.207.191,41
516,Guinevere,Branch,gbrancheb@ca.gov,Female,10.152.89.101,23
517,Early,Tumielli,etumielliec@yolasite.com,Male,96.110.132.92,8
518,Darbie,Naden,dnadened@blogger.com,Female,164.223.148.14,14
519,Codi,Jeenes,cjeenesee@i2i.jp,Female,1.131.101.125,83
520,Leonanie,Prangnell,lprangnellef@mapquest.com,Female,248.20.229.116,1
521,Carola,Denty,cdentyeg@slideshare.net,Non-binary,179.10.96.123,31
522,Queenie,MacGeffen,qmacgeffeneh@cdc.gov,Female,232.156.184.146,43
523,Jeanna,Toplin,jtoplinei@ibm.com,Female,106.63.157.158,81
524,Gayleen,Dombrell,gdombrellej@taobao.com,Polygender,64.131.45.84,89
525,Marve,Tynewell,mtynewellek@hao123.com,Male,113.106.48.241,63
526,Koral,Cowthard,kcowthardel@addthis.com,Female,101.19.99.213,52
527,Lammond,O' Byrne,lobyrneem@bizjournals.com,Male,50.76.210.156,95
528,Devinne,Lyokhin,dlyokhinen@elegantthemes.com,Female,27.220.29.242,23
529,Stan,Bartosek,sbartosekeo@shinystat.com,Male,170.229.219.180,25
530,Tarrah,Mattea,tmatteaep@ucla.edu,Agender,118.148.212.231,74
531,Rupert,Weyman,rweymaneq@51.la,Male,28.56.242.19,64
532,Armstrong,Tamburo,atamburoer@forbes.com,Male,102.77.93.6,25
533,Andrei,Wilshin,awilshines@yahoo.co.jp,Female,223.189.43.80,38
534,Hort,Noonan,hnoonanet@dailymotion.com,Male,19.15.3.164,58
535,Marie,Iddiens,middienseu@nhs.uk,Female,53.242.165.178,49
536,Ravid,Gilford,rgilfordev@microsoft.com,Male,190.92.75.52,31
537,Paulina,Thomesson,pthomessonew@oakley.com,Female,185.233.52.128,85
538,Kristopher,Serraillier,kserraillierex@washington.edu,Male,113.28.188.59,78
539,Della,Bazoche,dbazocheey@domainmarket.com,Female,174.127.172.8,75
540,Harry,Bernadon,hbernadonez@sina.com.cn,Male,102.49.195.230,31
541,Lorinda,Alltimes,lalltimesf0@netlog.com,Female,31.241.110.244,16
542,Karin,Binyon,kbinyonf1@icq.com,Agender,248.207.169.27,23
543,Gallard,Fillan,gfillanf2@baidu.com,Male,220.94.40.35,59
544,Lanette,Carik,lcarikf3@marketwatch.com,Female,145.78.107.169,19
545,Smith,Jeyes,sjeyesf4@reference.com,Male,203.56.158.65,31
546,Cass,Matschke,cmatschkef5@opensource.org,Female,216.109.206.194,51
547,Garvy,Empringham,gempringhamf6@timesonline.co.uk,Male,73.192.11.91,75
548,Alaine,Filkin,afilkinf7@hhs.gov,Female,136.109.90.224,65
549,Franzen,Elcott,felcottf8@tuttocitta.it,Male,111.124.131.151,28
550,Veradis,Carlyle,vcarlylef9@zimbio.com,Female,168.140.205.17,44
551,Misha,Vella,mvellafa@jimdo.com,Female,32.158.104.95,10
552,Joelle,Britland,jbritlandfb@jalbum.net,Female,63.192.40.164,99
553,Ginger,Briddle,gbriddlefc@simplemachines.org,Male,132.242.236.133,74
554,Kelci,Fusco,kfuscofd@tumblr.com,Female,100.17.132.190,82
555,Caryl,Stoeck,cstoeckfe@hao123.com,Male,125.175.17.115,53
556,Adella,Swinley,aswinleyff@cnet.com,Female,121.70.33.128,40
557,Desiri,Elverstone,delverstonefg@nytimes.com,Female,91.95.250.211,56
558,Chick,Fattori,cfattorifh@wired.com,Male,248.187.86.157,54
559,Nancie,Stansfield,nstansfieldfi@ox.ac.uk,Female,127.158.232.18,19
560,Rasla,Salmen,rsalmenfj@wufoo.com,Female,154.126.200.12,52
561,Burr,Pedri,bpedrifk@csmonitor.com,Male,230.2.8.155,65
562,Janella,Ragat,jragatfl@mediafire.com,Female,13.19.80.180,45
563,Kelwin,Stryde,kstrydefm@seattletimes.com,Male,239.66.225.190,61
564,Catie,Sandaver,csandaverfn@fc2.com,Female,136.159.61.45,64
565,Lemmie,Stoggles,lstogglesfo@europa.eu,Male,145.100.117.11,47
566,Kippie,Spiers,kspiersfp@dailymotion.com,Male,235.4.126.226,34
567,Bevin,Ilyenko,bilyenkofq@unc.edu,Genderfluid,161.62.103.26,22
568,Elianore,Chatelot,echatelotfr@digg.com,Female,103.221.194.67,57
569,Leisha,Kirke,lkirkefs@kickstarter.com,Female,99.145.45.243,38
570,Codi,Fitchew,cfitchewft@squidoo.com,Male,4.95.233.70,97
571,Garvy,Strover,gstroverfu@jimdo.com,Male,149.97.182.87,11
572,Merrick,Hawkyens,mhawkyensfv@tumblr.com,Male,245.50.172.69,16
573,Letisha,O'Mahoney,lomahoneyfw@nyu.edu,Female,232.132.154.122,71
574,Marlow,Benbow,mbenbowfx@stanford.edu,Male,158.122.104.94,99
575,Hamil,Ramard,hramardfy@chronoengine.com,Male,38.191.51.202,94
576,Portie,Megroff,pmegrofffz@ning.com,Male,35.57.92.237,91
577,Jimmy,MacRory,jmacroryg0@illinois.edu,Male,6.217.164.147,14
578,Opaline,Cutsforth,ocutsforthg1@goo.gl,Female,234.220.150.92,43
579,Bonnee,Tuffley,btuffleyg2@reuters.com,Female,2.119.83.128,26
580,Daron,Aaronsohn,daaronsohng3@about.com,Female,20.98.208.71,7
581,Maryanne,Baily,mbailyg4@uol.com.br,Bigender,17.122.28.72,89
582,Brod,Bisiker,bbisikerg5@ow.ly,Male,199.0.241.216,46
583,Henderson,Hawkswood,hhawkswoodg6@tmall.com,Male,151.233.12.149,83
584,Lizzie,Morin,lmoring7@qq.com,Female,9.108.73.116,70
585,Nicola,Bicker,nbickerg8@comcast.net,Male,167.81.110.183,79
586,Hedda,Routledge,hroutledgeg9@163.com,Female,203.160.178.201,26
587,Sasha,Ghidelli,sghidelliga@geocities.jp,Female,10.83.16.87,59
588,Colver,Abramski,cabramskigb@rakuten.co.jp,Male,90.206.5.124,89
589,Sherwynd,Selwyn,sselwyngc@chicagotribune.com,Male,186.70.122.109,46
590,Annis,Ruperti,arupertigd@is.gd,Bigender,229.6.101.196,89
591,Jannelle,Cretney,jcretneyge@fc2.com,Female,244.69.112.48,36
592,Bjorn,Flight,bflightgf@thetimes.co.uk,Male,152.135.3.126,61
593,Ninetta,Scruton,nscrutongg@washington.edu,Female,190.9.255.63,90
594,Herminia,Kapiloff,hkapiloffgh@nytimes.com,Female,62.139.39.209,10
595,Tim,Knowlson,tknowlsongi@elegantthemes.com,Male,202.136.33.21,14
596,Barnard,Matevosian,bmatevosiangj@lulu.com,Agender,19.146.99.85,26
597,Nissa,MacArthur,nmacarthurgk@blogspot.com,Female,15.255.183.31,10
598,Darryl,Busfield,dbusfieldgl@shop-pro.jp,Male,78.94.14.35,36
599,Jemimah,Zamorano,jzamoranogm@godaddy.com,Female,171.27.114.254,75
600,Meryl,Sheals,mshealsgn@xinhuanet.com,Female,86.30.116.111,54
601,Hedda,Scandrite,hscandritego@dyndns.org,Female,94.34.232.213,69
602,Peggy,Thoma,pthomagp@java.com,Female,108.205.251.37,40
603,Lincoln,Gilli,lgilligq@cnn.com,Male,159.153.211.39,94
604,Arturo,Joire,ajoiregr@craigslist.org,Male,113.182.165.127,8
605,Nertie,Praten,npratengs@theglobeandmail.com,Genderfluid,153.175.127.239,8
606,Chrysa,O'Growgane,cogrowganegt@ning.com,Female,190.93.145.131,55
607,Gerhardine,Huyge,ghuygegu@live.com,Female,250.105.181.75,20
608,Wolfy,Giocannoni,wgiocannonigv@netvibes.com,Male,171.53.58.241,68
609,Pauline,Rylance,prylancegw@cmu.edu,Female,41.15.226.157,69
610,Patty,Emblen,pemblengx@reverbnation.com,Male,243.205.98.2,32
611,Rowen,Roffey,rroffeygy@earthlink.net,Male,108.203.193.96,86
612,Linus,Hurford,lhurfordgz@smh.com.au,Male,23.42.128.109,26
613,Ellette,Spenceley,espenceleyh0@baidu.com,Female,150.242.62.174,69
614,Stevy,Tresise,stresiseh1@histats.com,Male,74.144.253.127,25
615,Isabella,Boaler,iboalerh2@kickstarter.com,Female,171.221.144.189,24
616,Emory,Grunnill,egrunnillh3@hao123.com,Male,106.42.165.220,75
617,Zena,Anwell,zanwellh4@wiley.com,Female,215.20.7.255,72
618,Bianca,Shedd,bsheddh5@google.com.br,Female,148.143.249.122,55
619,Aili,Fussell,afussellh6@go.com,Polygender,162.145.14.196,76
620,Nina,Fitzharris,nfitzharrish7@nationalgeographic.com,Female,195.90.154.140,48
621,Orton,Twining,otwiningh8@tripod.com,Male,38.25.251.58,13
622,Haydon,Giampietro,hgiampietroh9@privacy.gov.au,Male,51.82.134.227,57
623,Emmanuel,Sawkins,esawkinsha@redcross.org,Male,151.60.127.249,42
624,Tansy,de Juares,tdejuareshb@blog.com,Female,210.175.130.200,49
625,Pansie,Kidwell,pkidwellhc@webs.com,Female,171.184.252.213,74
626,Jania,Paris,jparishd@technorati.com,Female,201.21.100.239,80
627,Paulo,Frowen,pfrowenhe@ca.gov,Male,99.62.249.61,78
628,Yul,Albert,yalberthf@yellowpages.com,Male,108.98.253.31,32
629,Vale,St. Leger,vstlegerhg@drupal.org,Female,89.187.141.212,75
630,Davey,D'Ambrosio,ddambrosiohh@goodreads.com,Male,29.125.38.161,85
631,Pepita,Errowe,perrowehi@hhs.gov,Female,207.88.238.96,5
632,Cirstoforo,Chellingworth,cchellingworthhj@hexun.com,Non-binary,11.73.131.86,21
633,Diena,Weinberg,dweinberghk@google.pl,Female,157.96.85.16,9
634,Timmy,Gower,tgowerhl@theglobeandmail.com,Female,12.137.53.148,90
635,Humbert,Browne,hbrownehm@fc2.com,Male,80.131.27.200,25
636,Cullie,Pepperd,cpepperdhn@hubpages.com,Male,75.101.250.248,9
637,Abigale,Rack,arackho@homestead.com,Female,90.64.69.29,47
638,Kamila,Billam,kbillamhp@nih.gov,Bigender,47.99.154.92,68
639,Ingra,Normand,inormandhq@tumblr.com,Male,197.101.157.254,14
640,Maxwell,Connealy,mconnealyhr@ocn.ne.jp,Polygender,243.54.198.95,100
641,Selena,Delmonti,sdelmontihs@mail.ru,Female,238.190.41.91,75
642,Edy,Desouza,edesouzaht@dyndns.org,Female,0.255.12.162,12
643,Leodora,Silverton,lsilvertonhu@cnet.com,Female,176.151.79.121,30
644,Gaylor,Nurcombe,gnurcombehv@twitpic.com,Male,216.27.119.104,36
645,Heath,Denton,hdentonhw@fema.gov,Male,245.238.99.143,38
646,Aubrie,Leborgne,aleborgnehx@va.gov,Female,67.123.66.176,34
647,Gerladina,Croy,gcroyhy@networkadvertising.org,Agender,216.226.96.150,17
648,Anni,Blinman,ablinmanhz@lulu.com,Female,216.74.171.210,53
649,Kalina,Mc Carrick,kmccarricki0@canalblog.com,Female,197.209.167.127,29
650,Reynold,Lanceter,rlanceteri1@prlog.org,Male,183.173.223.62,27
651,Fara,Solesbury,fsolesburyi2@cloudflare.com,Female,46.144.10.101,49
652,Artus,Lewtey,alewteyi3@flickr.com,Male,37.119.233.147,42
653,Evyn,Pontefract,epontefracti4@google.es,Male,60.145.48.84,35
654,Grete,Errichi,gerrichii5@nbcnews.com,Female,9.57.25.203,98
655,Gusti,Marle,gmarlei6@shareasale.com,Genderfluid,93.255.58.12,47
656,Bradney,Alty,baltyi7@weibo.com,Male,73.195.132.166,15
657,Eugen,Sodor,esodori8@un.org,Male,114.146.76.151,35
658,Lilyan,Adamo,ladamoi9@wordpress.org,Female,222.236.64.133,55
659,Sadella,Stubbeley,sstubbeleyia@oaic.gov.au,Female,56.41.58.253,52
660,Tonnie,Sutherel,tsutherelib@tamu.edu,Male,140.252.246.80,9
661,Christoffer,Boole,cbooleic@webs.com,Male,150.103.229.219,79
662,Cletis,Godfree,cgodfreeid@imdb.com,Male,76.178.248.54,33
663,Wynn,Truter,wtruterie@ycombinator.com,Male,214.158.201.98,52
664,Cyb,Wigley,cwigleyif@mozilla.com,Agender,127.163.158.3,34
665,Frasier,Fenty,ffentyig@businesswire.com,Male,252.104.177.154,25
666,Adriaens,Geekie,ageekieih@twitpic.com,Female,224.16.54.235,6
667,Hugh,Skynner,hskynnerii@huffingtonpost.com,Male,106.4.82.238,61
668,Giorgi,Dunsford,gdunsfordij@clickbank.net,Male,211.241.72.228,4
669,Bradan,Strother,bstrotherik@cpanel.net,Male,202.27.247.171,15
670,Allix,Oliver-Paull,aoliverpaullil@prnewswire.com,Female,180.236.56.125,59
671,Lowrance,Twopenny,ltwopennyim@feedburner.com,Male,93.41.85.102,89
672,Fran,Vallerine,fvallerinein@imgur.com,Genderfluid,1.2.245.182,26
673,Raoul,Dubber,rdubberio@smugmug.com,Male,62.1.224.5,63
674,Herrick,Elkington,helkingtonip@reddit.com,Male,190.38.72.41,25
675,Hort,Jochens,hjochensiq@topsy.com,Non-binary,240.90.28.199,77
676,Pia,Cron,pcronir@mac.com,Female,149.191.57.188,31
677,Gibbie,Castagna,gcastagnais@ucsd.edu,Male,55.109.174.16,64
678,Merrile,Danahar,mdanaharit@hibu.com,Female,102.116.157.89,8
679,Parry,Bunnell,pbunnelliu@360.cn,Male,22.28.63.104,20
680,Joelynn,Kyston,jkystoniv@yelp.com,Female,154.253.3.24,19
681,Noell,Tindle,ntindleiw@google.com.hk,Female,24.121.220.116,90
682,Ethan,Whyke,ewhykeix@amazonaws.com,Male,73.175.121.33,99
683,Glenn,Yearnsley,gyearnsleyiy@marketwatch.com,Male,37.66.130.236,31
684,Gerrilee,Bearward,gbearwardiz@jiathis.com,Female,213.131.57.219,56
685,Kearney,Ivanov,kivanovj0@goo.ne.jp,Male,224.91.6.33,60
686,Ainslee,McLleese,amclleesej1@unc.edu,Female,105.15.148.127,17
687,Nicol,Borrott,nborrottj2@usnews.com,Male,128.54.86.67,47
688,Drusie,Bricket,dbricketj3@ox.ac.uk,Female,115.239.110.197,67
689,Valenka,Dranfield,vdranfieldj4@usnews.com,Female,131.165.229.40,68
690,Torrie,Botley,tbotleyj5@list-manage.com,Female,208.123.255.255,89
691,Nikoletta,Albers,nalbersj6@census.gov,Genderqueer,172.79.99.138,17
692,Land,Gledstane,lgledstanej7@home.pl,Male,136.238.81.21,56
693,Veda,Kristiansen,vkristiansenj8@berkeley.edu,Female,185.206.124.95,50
694,Leela,Quade,lquadej9@homestead.com,Female,71.130.56.195,4
695,Sophie,Donnachie,sdonnachieja@edublogs.org,Female,53.178.92.97,61
696,Trish,Gashion,tgashionjb@vimeo.com,Female,86.212.68.13,31
697,Ursa,Keattch,ukeattchjc@diigo.com,Female,117.43.89.186,52
698,Zelma,Levi,zlevijd@godaddy.com,Female,31.156.5.126,26
699,Melba,Meere,mmeereje@purevolume.com,Female,148.91.21.106,8
700,Janela,Ruf,jrufjf@surveymonkey.com,Female,58.0.241.74,1
701,Norris,Knath,nknathjg@list-manage.com,Male,121.18.121.180,97
702,Eloisa,Haile,ehailejh@youku.com,Female,248.186.105.217,64
703,Gal,Rowena,growenaji@businesswire.com,Male,95.29.33.236,100
704,Abie,Boar,aboarjj@123-reg.co.uk,Non-binary,205.179.141.136,58
705,Alice,Hunter,ahunterjk@ucla.edu,Female,183.179.199.189,88
706,Zoe,ducarme,zducarmejl@shutterfly.com,Female,93.121.219.193,89
707,Legra,Seden,lsedenjm@tinypic.com,Female,102.238.18.35,39
708,Melitta,Margeram,mmargeramjn@gizmodo.com,Female,4.240.184.130,33
709,Arnie,Hearty,aheartyjo@is.gd,Male,140.227.234.155,14
710,Teodoro,Lacroix,tlacroixjp@ihg.com,Male,123.131.61.81,94
711,Titus,Comport,tcomportjq@smh.com.au,Male,10.162.104.162,84
712,Gannon,Bisco,gbiscojr@altervista.org,Male,210.46.79.48,37
713,Tilly,Lismore,tlismorejs@ustream.tv,Female,231.137.177.64,43
714,Sheena,Gregorowicz,sgregorowiczjt@uol.com.br,Bigender,209.12.200.50,38
715,Abie,Lievesley,alievesleyju@yale.edu,Male,188.216.156.42,74
716,Etti,Mathou,emathoujv@businesswire.com,Female,132.41.26.136,61
717,Kitti,Butner,kbutnerjw@google.pl,Female,7.15.147.241,56
718,Stella,Woodward,swoodwardjx@java.com,Female,78.167.119.4,24
719,Dari,Gopsell,dgopselljy@dell.com,Female,124.189.167.154,88
720,Christophorus,Loalday,cloaldayjz@domainmarket.com,Male,39.40.211.251,47
721,Jasun,Rabbitts,jrabbittsk0@themeforest.net,Male,83.84.36.199,1
722,Filmer,Harp,fharpk1@phpbb.com,Male,147.61.33.97,5
723,Virginia,Buddell,vbuddellk2@businessinsider.com,Female,62.79.34.91,36
724,Blane,Lacky,blackyk3@imgur.com,Male,27.247.145.16,42
725,Nettle,Andresen,nandresenk4@reuters.com,Female,206.218.208.14,63
726,Lesya,Lewton,llewtonk5@bravesites.com,Female,26.149.211.58,71
727,Joscelin,Adlam,jadlamk6@hostgator.com,Female,71.5.223.79,97
728,Juliet,Wilmut,jwilmutk7@mozilla.org,Non-binary,21.133.224.73,75
729,Worden,Pizey,wpizeyk8@google.cn,Male,0.252.35.129,93
730,Kilian,Klaiser,kklaiserk9@bloglovin.com,Male,66.4.60.55,60
731,Consalve,Chettle,cchettleka@ebay.com,Male,198.234.3.43,42
732,Tades,Griffoen,tgriffoenkb@walmart.com,Male,209.215.123.63,75
733,Mort,Doe,mdoekc@mashable.com,Male,52.93.17.145,20
734,Kim,Cothey,kcotheykd@godaddy.com,Female,74.172.185.218,71
735,Barb,Winsbury,bwinsburyke@360.cn,Female,29.170.255.61,35
736,Con,Jenteau,cjenteaukf@opensource.org,Female,145.8.115.156,74
737,Marquita,Gooder,mgooderkg@mtv.com,Female,126.115.160.186,66
738,Helge,Bossom,hbossomkh@tumblr.com,Bigender,73.55.37.183,72
739,Pattie,Ing,pingki@angelfire.com,Female,209.75.185.209,29
740,Jenica,Dimmick,jdimmickkj@cargocollective.com,Female,152.11.219.119,97
741,Ferguson,Reynault,freynaultkk@reddit.com,Male,141.80.236.149,19
742,Allison,Elgie,aelgiekl@amazon.co.uk,Female,253.61.145.235,22
743,Adore,Whitter,awhitterkm@phpbb.com,Female,185.73.243.213,88
744,Gracie,Bampford,gbampfordkn@buzzfeed.com,Female,180.146.97.153,13
745,Manon,Dozdill,mdozdillko@meetup.com,Female,94.171.53.17,71
746,Jeddy,McClaren,jmcclarenkp@yellowpages.com,Male,53.209.46.163,82
747,Justin,Megany,jmeganykq@infoseek.co.jp,Male,85.154.67.55,62
748,Issie,Merricks,imerrickskr@nhs.uk,Female,20.255.175.138,100
749,Barbabas,Baldung,bbaldungks@mit.edu,Male,172.47.88.218,39
750,Matilde,Lamar,mlamarkt@psu.edu,Female,61.237.246.14,42
751,Sigismondo,Klehn,sklehnku@histats.com,Agender,234.21.223.169,10
752,Tabbie,Rappa,trappakv@deliciousdays.com,Male,179.126.53.50,2
753,Helene,Ottewell,hottewellkw@arstechnica.com,Female,11.31.230.232,9
754,Farand,Plait,fplaitkx@networksolutions.com,Female,162.137.224.182,4
755,Libbi,Lemme,llemmeky@who.int,Female,26.142.213.196,5
756,Moria,Duberry,mduberrykz@blogger.com,Female,37.101.29.231,69
757,Maximilian,Serrell,mserrelll0@hhs.gov,Male,68.151.219.149,4
758,Eva,Valett,evalettl1@va.gov,Female,48.234.231.76,99
759,Mara,Davley,mdavleyl2@utexas.edu,Female,148.164.98.242,1
760,Emmit,Giacomuzzo,egiacomuzzol3@domainmarket.com,Male,165.181.158.128,13
761,Martyn,Alfonso,malfonsol4@biblegateway.com,Male,176.214.49.126,17
762,Rawley,Bezant,rbezantl5@japanpost.jp,Male,149.141.123.27,99
763,Sabina,Andrzejczak,sandrzejczakl6@examiner.com,Female,48.177.188.179,25
764,Rollin,Dowrey,rdowreyl7@army.mil,Male,197.254.243.125,72
765,Rodi,Stang-Gjertsen,rstanggjertsenl8@creativecommons.org,Female,129.191.73.73,41
766,Traci,Mettrick,tmettrickl9@nbcnews.com,Female,69.207.54.109,20
767,Harmon,Heeney,hheeneyla@twitter.com,Male,84.34.185.67,17
768,Sonny,Perago,speragolb@flavors.me,Male,72.48.53.228,37
769,Calvin,Fernao,cfernaolc@hud.gov,Male,130.192.134.4,54
770,Arel,Orringe,aorringeld@ebay.co.uk,Male,184.214.138.61,36
771,Joby,Iddiens,jiddiensle@businesswire.com,Female,57.183.87.239,72
772,Fritz,Besque,fbesquelf@photobucket.com,Male,112.44.132.224,65
773,Pauly,Collens,pcollenslg@army.mil,Female,18.221.57.131,96
774,Vaughan,Stallybrass,vstallybrasslh@linkedin.com,Male,46.152.228.105,78
775,Town,Josham,tjoshamli@yellowbook.com,Male,93.5.183.165,99
776,Desi,Lerego,dleregolj@google.com.br,Male,110.105.47.80,30
777,Debi,Scothorne,dscothornelk@aol.com,Female,53.134.197.197,62
778,Nona,Widdows,nwiddowsll@wunderground.com,Female,163.20.83.255,37
779,Karney,Boerderman,kboerdermanlm@businessweek.com,Male,120.61.130.14,16
780,Ange,Knolles-Green,aknollesgreenln@barnesandnoble.com,Female,58.210.177.231,43
781,Gerianna,McNickle,gmcnicklelo@bigcartel.com,Female,38.224.160.124,39
782,Sasha,Twitchett,stwitchettlp@goo.gl,Male,98.110.236.66,14
783,Bernadine,Culpin,bculpinlq@globo.com,Female,200.187.221.145,59
784,Neils,Brightey,nbrighteylr@sourceforge.net,Male,218.199.183.55,84
785,Sybyl,Stott,sstottls@ox.ac.uk,Female,130.194.98.249,63
786,Justen,Shilburne,jshilburnelt@vk.com,Agender,20.108.247.116,79
787,Torry,Bifield,tbifieldlu@gov.uk,Male,147.232.168.44,49
788,Pavlov,Forestall,pforestalllv@360.cn,Bigender,56.113.76.13,56
789,Randy,Menichino,rmenichinolw@sakura.ne.jp,Male,194.122.7.107,60
790,Christopher,Moulds,cmouldslx@ucoz.ru,Male,102.117.14.170,85
791,Delmer,Rzehor,drzehorly@prnewswire.com,Male,139.122.117.39,87
792,Abdel,Elliman,aellimanlz@prnewswire.com,Genderqueer,52.73.70.242,9
793,Boote,Aronov,baronovm0@loc.gov,Male,57.2.80.18,14
794,Kalli,McGrotty,kmcgrottym1@hao123.com,Female,98.101.29.108,36
795,Tyson,Eberle,teberlem2@ocn.ne.jp,Male,169.100.142.110,51
796,Kendell,Brugger,kbruggerm3@amazon.com,Male,0.186.193.122,45
797,Cobbie,Yeo,cyeom4@zimbio.com,Male,91.71.57.14,62
798,Franny,Lindholm,flindholmm5@microsoft.com,Genderqueer,63.113.38.172,29
799,Launce,Fuentes,lfuentesm6@yellowbook.com,Male,91.15.91.34,58
800,Marylou,Coleiro,mcoleirom7@ameblo.jp,Female,167.239.41.97,44
801,Hansiain,Lowles,hlowlesm8@deliciousdays.com,Male,136.175.198.208,52
802,Yorke,Harbron,yharbronm9@canalblog.com,Male,16.74.4.183,3
803,Dougy,Cuerdall,dcuerdallma@hugedomains.com,Male,255.186.211.108,53
804,Tully,Limbert,tlimbertmb@woothemes.com,Male,222.127.9.176,7
805,Hailey,Wilbor,hwilbormc@hostgator.com,Male,170.244.69.132,15
806,Mario,Cathenod,mcathenodmd@bizjournals.com,Male,154.157.53.50,67
807,Theo,Perfitt,tperfittme@ebay.com,Female,60.0.43.17,37
808,Ginelle,Arch,garchmf@bluehost.com,Female,25.222.80.153,11
809,Harp,Burnhard,hburnhardmg@icio.us,Male,192.249.203.7,49
810,Eliza,McCarrison,emccarrisonmh@jimdo.com,Female,5.104.174.231,29
811,Alix,Deinert,adeinertmi@phpbb.com,Male,136.87.118.56,82
812,Norbie,Sappson,nsappsonmj@51.la,Male,50.245.203.153,32
813,Ruddie,Caccavella,rcaccavellamk@lulu.com,Male,255.130.236.191,9
814,Kenn,Mumbray,kmumbrayml@hatena.ne.jp,Male,66.63.211.204,80
815,Anitra,Slaight,aslaightmm@webs.com,Female,90.149.150.232,56
816,Oralle,Reckus,oreckusmn@list-manage.com,Female,101.210.21.192,14
817,Brigg,Pinckstone,bpinckstonemo@usatoday.com,Genderfluid,52.121.227.185,53
818,Robin,Oene,roenemp@mapy.cz,Female,68.223.144.96,97
819,Hayward,Whaites,hwhaitesmq@mapy.cz,Polygender,50.144.170.56,64
820,Masha,Longbone,mlongbonemr@issuu.com,Female,212.79.24.177,37
821,Inger,Baskerfield,ibaskerfieldms@nih.gov,Male,29.57.254.10,29
822,Carley,Simkovich,csimkovichmt@house.gov,Female,255.187.86.71,50
823,Delora,Pinwell,dpinwellmu@bing.com,Female,253.241.218.222,23
824,Gertrude,Wignall,gwignallmv@cdc.gov,Female,115.172.77.207,11
825,Britney,Snookes,bsnookesmw@ftc.gov,Female,41.113.43.164,67
826,Malvina,Derobert,mderobertmx@house.gov,Female,78.2.79.92,42
827,Charis,Maunder,cmaundermy@who.int,Female,26.121.77.113,81
828,Zack,Rouge,zrougemz@livejournal.com,Male,173.2.16.27,27
829,Ethelyn,Clarage,eclaragen0@quantcast.com,Female,168.49.233.211,90
830,Dasya,Brownsea,dbrownsean1@list-manage.com,Female,91.52.137.136,12
831,Kissie,Thatcham,kthatchamn2@jugem.jp,Female,55.129.191.49,60
832,Tamar,Krystof,tkrystofn3@thetimes.co.uk,Female,13.127.216.85,41
833,Dorthea,Spurden,dspurdenn4@wiley.com,Female,218.52.70.250,72
834,Shell,Scoggins,sscogginsn5@nationalgeographic.com,Male,139.126.11.62,90
835,Durward,Champion,dchampionn6@spotify.com,Male,229.85.225.134,85
836,Drusie,Emsden,demsdenn7@yelp.com,Female,74.133.126.159,58
837,Van,Andrey,vandreyn8@delicious.com,Male,152.97.61.137,53
838,Devin,Durtnel,ddurtneln9@ft.com,Male,177.223.225.81,37
839,Hildy,Olphert,holphertna@state.tx.us,Female,1.247.29.201,19
840,Harlan,Cufflin,hcufflinnb@theglobeandmail.com,Male,93.155.32.52,54
841,Donnajean,Bixley,dbixleync@webeden.co.uk,Female,55.26.72.168,45
842,Kalie,Bollen,kbollennd@cam.ac.uk,Female,116.102.24.253,89
843,Alayne,Ternott,aternottne@github.com,Female,38.147.6.221,32
844,Nolly,Bidder,nbiddernf@studiopress.com,Agender,52.33.235.72,35
845,Rena,Pau,rpaung@gov.uk,Female,114.123.199.122,2
846,Randy,Dumini,rdumininh@nymag.com,Male,83.83.218.234,3
847,Salvatore,Boxhall,sboxhallni@chron.com,Male,147.143.179.155,100
848,Huey,O Mullen,homullennj@freewebs.com,Male,4.44.68.182,51
849,Milissent,Clyma,mclymank@columbia.edu,Female,254.221.243.32,2
850,Carlyn,Lubomirski,clubomirskinl@gmpg.org,Female,14.242.201.96,80
851,King,Gontier,kgontiernm@biblegateway.com,Male,13.76.246.126,16
852,Thedric,Miell,tmiellnn@constantcontact.com,Male,163.78.145.21,73
853,Sholom,Marquet,smarquetno@hibu.com,Male,197.212.164.76,9
854,Georgeanne,Casone,gcasonenp@ihg.com,Female,36.22.116.225,94
855,Aubrette,Boscher,aboschernq@yale.edu,Genderfluid,23.236.64.166,97
856,Charley,Littrik,clittriknr@buzzfeed.com,Male,129.36.13.189,5
857,Pansy,Trenbay,ptrenbayns@walmart.com,Bigender,77.216.29.58,19
858,Lucienne,Hunnisett,lhunnisettnt@walmart.com,Female,170.99.76.127,87
859,Milt,Seagood,mseagoodnu@yelp.com,Male,204.13.110.59,36
860,Melloney,Walles,mwallesnv@addtoany.com,Female,210.229.108.158,29
861,Bail,Pes,bpesnw@examiner.com,Male,42.173.191.120,74
862,Durant,Joret,djoretnx@independent.co.uk,Male,12.216.30.22,33
863,Murdoch,Deaville,mdeavilleny@telegraph.co.uk,Male,68.173.139.55,98
864,Karl,Grover,kgrovernz@auda.org.au,Male,5.235.134.68,69
865,Katinka,Tapner,ktapnero0@ox.ac.uk,Female,121.227.193.87,75
866,Anatola,Hethron,ahethrono1@privacy.gov.au,Female,252.96.51.204,35
867,Rabbi,Shelp,rshelpo2@etsy.com,Male,110.37.78.162,55
868,Lea,Boch,lbocho3@youtu.be,Female,109.234.21.145,35
869,Tabatha,Hirsch,thirscho4@hud.gov,Female,171.217.13.35,61
870,Mercedes,Damp,mdampo5@comsenz.com,Female,46.241.167.81,97
871,Colette,Musico,cmusicoo6@opensource.org,Female,32.139.234.106,86
872,Curran,Tremonte,ctremonteo7@deviantart.com,Male,45.162.251.79,87
873,Sonny,Heustice,sheusticeo8@sfgate.com,Female,183.194.17.120,77
874,Vinni,Boulds,vbouldso9@latimes.com,Female,213.42.94.241,57
875,Etan,Duddridge,eduddridgeoa@ucoz.com,Male,142.207.95.25,9
876,Godard,Frayn,gfraynob@360.cn,Bigender,233.81.5.21,80
877,Renado,Grassi,rgrassioc@merriam-webster.com,Male,21.134.160.86,31
878,Algernon,Januszkiewicz,ajanuszkiewiczod@netscape.com,Male,77.124.234.93,57
879,Bear,McLugaish,bmclugaishoe@marketwatch.com,Male,204.62.227.2,72
880,Magdalene,Sandels,msandelsof@kickstarter.com,Female,76.25.96.221,54
881,Annabal,Von Welden,avonweldenog@google.ru,Female,35.139.99.35,61
882,Nessa,Holtom,nholtomoh@nih.gov,Female,81.64.176.108,91
883,Doralin,Tompkinson,dtompkinsonoi@ibm.com,Female,223.72.56.45,11
884,Brett,Waudby,bwaudbyoj@cpanel.net,Male,156.238.254.214,22
885,Brittan,Masters,bmastersok@google.es,Female,149.198.186.198,9
886,Hernando,Broker,hbrokerol@hugedomains.com,Male,158.18.212.210,65
887,Donavon,Moohan,dmoohanom@topsy.com,Male,49.219.0.80,56
888,Randie,Archer,rarcheron@yahoo.co.jp,Male,128.97.238.106,72
889,Meggie,Loton,mlotonoo@g.co,Female,161.154.30.51,19
890,Sherry,Knutsen,sknutsenop@yellowpages.com,Female,168.173.15.40,26
891,Bernhard,Coller,bcolleroq@dell.com,Male,12.44.51.216,27
892,Gideon,Hayter,ghayteror@etsy.com,Polygender,38.113.99.216,21
893,Silvanus,Charlton,scharltonos@paginegialle.it,Male,14.80.156.198,60
894,Rafi,Casacchia,rcasacchiaot@yellowpages.com,Male,25.120.187.232,39
895,Walsh,Yate,wyateou@t-online.de,Male,84.246.112.126,24
896,Blondy,Dexter,bdexterov@biblegateway.com,Female,139.161.130.134,86
897,Thorvald,Dods,tdodsow@i2i.jp,Male,58.168.125.125,51
898,Loutitia,Gobeaux,lgobeauxox@aol.com,Female,46.119.104.173,94
899,Aurlie,Jandak,ajandakoy@shinystat.com,Agender,245.183.71.225,6
900,Talbert,Kemble,tkembleoz@stumbleupon.com,Male,203.141.169.109,72
901,Leesa,Hannan,lhannanp0@usnews.com,Female,69.206.59.195,59
902,Briant,Ceely,bceelyp1@shop-pro.jp,Male,236.146.211.168,80
903,Emmery,Narraway,enarrawayp2@state.gov,Bigender,183.235.42.250,43
904,Giff,McGeorge,gmcgeorgep3@columbia.edu,Male,185.171.55.48,29
905,Zuzana,Gosneye,zgosneyep4@scientificamerican.com,Female,208.111.8.174,40
906,Francoise,Dulanty,fdulantyp5@npr.org,Female,161.198.108.234,74
907,Hildagarde,Josiah,hjosiahp6@smh.com.au,Female,48.19.228.122,82
908,Gregoire,Browning,gbrowningp7@topsy.com,Male,131.175.242.193,71
909,Keslie,Dibdale,kdibdalep8@ebay.co.uk,Genderqueer,23.65.161.105,77
910,Fredric,Wallace,fwallacep9@posterous.com,Male,190.32.77.209,45
911,Sibylla,Gatiss,sgatisspa@reference.com,Female,69.126.246.227,50
912,Ugo,Mertin,umertinpb@hostgator.com,Male,135.200.10.237,72
913,Stanislas,Easey,seaseypc@marriott.com,Male,180.169.232.77,57
914,Pippa,Standfield,pstandfieldpd@angelfire.com,Female,249.41.52.34,59
915,Sergeant,Carder,scarderpe@people.com.cn,Male,143.155.146.252,28
916,Brunhilda,M'Quhan,bmquhanpf@over-blog.com,Female,167.63.173.183,77
917,Tobye,Cowthart,tcowthartpg@themeforest.net,Female,127.199.197.36,17
918,Byran,Attawell,battawellph@amazonaws.com,Male,205.15.204.198,51
919,Beryle,Canfield,bcanfieldpi@ovh.net,Female,12.239.85.153,82
920,Reinaldos,Djokic,rdjokicpj@pagesperso-orange.fr,Male,226.47.239.254,85
921,Myra,Swalough,mswaloughpk@webs.com,Female,32.249.111.200,65
922,Anselm,Kapiloff,akapiloffpl@linkedin.com,Male,210.220.192.181,3
923,Quentin,McGrirl,qmcgrirlpm@wisc.edu,Male,72.214.54.163,80
924,Kippy,Bruggen,kbruggenpn@cocolog-nifty.com,Female,253.111.116.39,58
925,Kit,Staples,kstaplespo@hc360.com,Female,125.123.219.152,14
926,Angy,Marson,amarsonpp@vkontakte.ru,Female,156.8.66.59,14
927,Dorelia,Cramb,dcrambpq@google.com.hk,Female,189.29.101.36,68
928,Drud,Oldland,doldlandpr@1und1.de,Male,52.163.52.177,47
929,Bo,Pedrozzi,bpedrozzips@abc.net.au,Male,230.139.31.47,86
930,Heath,Pruvost,hpruvostpt@irs.gov,Genderfluid,45.203.105.49,23
931,Kristin,Joss,kjosspu@ted.com,Female,82.180.52.212,76
932,Cherlyn,Kerman,ckermanpv@cbc.ca,Agender,98.111.51.82,9
933,Lorraine,Habbershon,lhabbershonpw@narod.ru,Female,138.103.29.211,86
934,Stace,Lattie,slattiepx@eepurl.com,Female,76.0.109.179,2
935,Jephthah,Kisbee,jkisbeepy@ucoz.com,Male,137.140.187.44,59
936,Katleen,Lammerding,klammerdingpz@ameblo.jp,Female,23.15.52.198,8
937,Hilarius,Anthill,hanthillq0@blogspot.com,Male,194.236.110.240,96
938,Artie,Chrishop,achrishopq1@blogtalkradio.com,Male,104.44.143.220,15
939,Celestyn,Feaveryear,cfeaveryearq2@istockphoto.com,Female,38.60.22.86,56
940,Antonia,Prydie,aprydieq3@ox.ac.uk,Female,22.18.240.233,16
941,Celestyn,Waddington,cwaddingtonq4@unc.edu,Female,21.14.253.87,85
942,Padgett,Manntschke,pmanntschkeq5@reddit.com,Male,70.251.109.118,23
943,Brig,Stickford,bstickfordq6@yelp.com,Male,238.50.218.165,81
944,Hatty,Southerton,hsouthertonq7@amazon.co.uk,Female,169.233.218.216,1
945,Mischa,Londors,mlondorsq8@flavors.me,Male,119.243.54.171,74
946,Kipp,Sambeck,ksambeckq9@unicef.org,Male,181.17.9.197,2
947,Winfield,Fenty,wfentyqa@storify.com,Male,103.4.224.101,57
948,Sherman,Ludye,sludyeqb@cisco.com,Male,6.228.117.194,11
949,Loise,Marthen,lmarthenqc@ameblo.jp,Female,59.48.4.86,65
950,Stefan,Wehnerr,swehnerrqd@cisco.com,Agender,110.203.154.187,51
951,Rozelle,Haggarth,rhaggarthqe@globo.com,Female,37.77.215.48,50
952,Bucky,Maestrini,bmaestriniqf@bravesites.com,Male,145.149.106.109,10
953,Sande,Lechelle,slechelleqg@comcast.net,Female,5.247.165.85,75
954,Veradis,Bartley,vbartleyqh@macromedia.com,Female,52.31.80.166,48
955,Balduin,Knutsen,bknutsenqi@yellowbook.com,Male,155.25.6.244,97
956,Gratia,Lawrenceson,glawrencesonqj@symantec.com,Bigender,158.205.123.85,55
957,Barbee,Winstanley,bwinstanleyqk@virginia.edu,Polygender,251.66.133.164,69
958,Allina,Kid,akidql@squidoo.com,Female,208.150.39.240,85
959,Issi,Poulney,ipoulneyqm@stumbleupon.com,Female,14.172.72.185,68
960,Kilian,Snawden,ksnawdenqn@ifeng.com,Male,22.56.88.206,46
961,Emilio,Sansom,esansomqo@telegraph.co.uk,Male,48.49.197.87,22
962,Della,Holtham,dholthamqp@newsvine.com,Non-binary,163.37.206.17,81
963,Ardis,MacHostie,amachostieqq@taobao.com,Female,55.160.104.87,84
964,Morty,Springthorpe,mspringthorpeqr@telegraph.co.uk,Male,248.10.27.225,7
965,Felix,Hairyes,fhairyesqs@blinklist.com,Male,146.202.134.56,22
966,Alard,Cogman,acogmanqt@whitehouse.gov,Male,12.219.92.22,83
967,Brannon,Brakespear,bbrakespearqu@examiner.com,Male,4.30.68.172,83
968,Murdock,Reisenstein,mreisensteinqv@senate.gov,Male,177.179.18.249,43
969,Filippo,Gianninotti,fgianninottiqw@usda.gov,Male,0.83.100.248,14
970,Blaine,Tschierse,btschierseqx@home.pl,Male,23.156.39.6,45
971,Shaylyn,Loble,slobleqy@skyrock.com,Polygender,203.14.57.138,83
972,Laurena,Scutter,lscutterqz@blogger.com,Female,235.22.41.177,37
973,Lewiss,Greenhowe,lgreenhower0@printfriendly.com,Male,131.142.227.156,3
974,Kimberlee,Hadwin,khadwinr1@ted.com,Female,221.73.184.105,32
975,Sandi,Huortic,shuorticr2@google.com.au,Female,241.192.202.188,93
976,Jory,Belcham,jbelchamr3@reference.com,Male,107.173.188.54,7
977,Ashton,Henzer,ahenzerr4@howstuffworks.com,Male,151.195.234.156,17
978,Hilliary,Scotti,hscottir5@smugmug.com,Agender,50.69.140.169,73
979,Gael,Jeves,gjevesr6@nationalgeographic.com,Female,140.230.11.247,93
980,Dalton,Eyckel,deyckelr7@java.com,Male,199.139.95.224,37
981,Giraldo,Muris,gmurisr8@addtoany.com,Male,54.3.19.94,6
982,Stacia,Vasilov,svasilovr9@pcworld.com,Female,92.82.182.94,40
983,Car,Duncklee,cdunckleera@sciencedaily.com,Male,211.187.26.146,3
984,Lolita,Boeter,lboeterrb@google.cn,Female,152.1.241.67,89
985,Livy,Press,lpressrc@slate.com,Female,227.88.115.231,45
986,Vasilis,Jacobsohn,vjacobsohnrd@webs.com,Male,192.82.72.216,21
987,Alfonso,Paulton,apaultonre@psu.edu,Male,2.207.202.88,88
988,Gerhard,Kirmond,gkirmondrf@altervista.org,Male,222.109.237.41,80
989,Bab,Leyshon,bleyshonrg@bloomberg.com,Female,244.160.114.251,10
990,Salome,Cockett,scockettrh@hatena.ne.jp,Agender,59.46.85.76,10
991,Dicky,Goldston,dgoldstonri@aol.com,Male,111.147.244.218,4
992,Livvy,Gut,lgutrj@ted.com,Female,182.16.18.39,43
993,Falito,Zebedee,fzebedeerk@constantcontact.com,Male,130.50.110.139,80
994,Geordie,Rowantree,growantreerl@slashdot.org,Male,151.127.180.14,76
995,Renault,Timby,rtimbyrm@thetimes.co.uk,Male,32.99.50.90,49
996,Athena,Buscombe,abuscombern@ted.com,Female,87.45.1.78,22
997,Salome,Vignaux,svignauxro@amazon.co.jp,Female,12.69.119.236,73
998,Pia,Ends,pendsrp@apple.com,Female,228.50.101.49,55
999,Had,Neild,hneildrq@google.cn,Male,171.49.84.38,36
1000,Kim,Kilrow,kkilrowrr@vimeo.com,Male,152.218.216.109,89
